"16072452227341","16068102971794","16072451204879","COVID-19 and Bangladesh","","","covid-19-and-bangladesh","As the coronavirus outbreak quickly surges worldwide, many countries are adopting non-therapeutic preventive measures, which include travel bans, remote office activities, country lockdown, and most importantly, social distancing. However, these measures face challenges in Bangladesh, a lower-middle-income economy with one of the world's densest populations. Social distancing is difficult in many areas of the country, and with the minimal resources the country has, it would be extremely challenging to implement the mitigation measures.","","As the coronavirus outbreak quickly surges worldwide, many countries are adopting non-therapeutic preventive measures, which include travel bans, remote office activities, country lockdown, and most importantly, social distancing. However, these measures face challenges in Bangladesh, a lower-middle-income economy with one of the world's densest populations. Social distancing is difficult in many areas of the country, and with the minimal resources the country has, it would be extremely challenging to implement the mitigation measures. Mobile sanitization facilities and temporary quarantine sites and healthcare facilities could help mitigate the impact of the pandemic at a local level. A prompt, supportive, and empathic collaboration between the Government, citizens, and health experts, along with international assistance, can enable the country to minimize the impact of the pandemic.","","draft","2020-12-06 09:00:22","6 Dec, 2020","6 Dec, 2020"
"16072457214474","16068102971794","16072450334791","HISTORY OF THE CRICKET BAT","","Bat","history-of-the-cricket-bat","1624 - This is the first time that we have any mention of a cricket bat. An inquest was carried out after a fielder was killed. The batsman had tried to prevent him from catching the ball, and had presumably whacked him on the head in the process! Originally bowlers used to bowl the ball underarm. The cricket bat was therefore shaped very much like a hockey stick.

1770's - The laws were changed to allow ""length bowling"", which was still performed underarm. The cricket bat became roughly parallel with a maximum width of 4.25"". This is still the same today. They were extremely heavy, with the ""swell"" at the bottom.","","1624 - This is the first time that we have any mention of a cricket bat. An inquest was carried out after a fielder was killed. The batsman had tried to prevent him from catching the ball, and had presumably whacked him on the head in the process! Originally bowlers used to bowl the ball underarm. The cricket bat was therefore shaped very much like a hockey stick.

1770's - The laws were changed to allow ""length bowling"", which was still performed underarm. The cricket bat became roughly parallel with a maximum width of 4.25"". This is still the same today. They were extremely heavy, with the ""swell"" at the bottom.","","draft","2020-12-06 09:08:41","6 Dec, 2020","6 Dec, 2020"
"16072458056875","16068102971794","16072450334791","Football","","Football, Fifa","football","Football is a family of team sports that involve, to varying degrees, kicking a ball to score a goal. Unqualified, the word football normally means the form of football that is the most popular where the word is used. Sports commonly called football include association football (known as soccer in some countries); gridiron football (specifically American football or Canadian football); Australian rules football; rugby football (either rugby union or rugby league); and Gaelic football.[1][2] These various forms of football share to varying extent common origins and are known as football codes.","","Football is a family of team sports that involve, to varying degrees, kicking a ball to score a goal. Unqualified, the word football normally means the form of football that is the most popular where the word is used. Sports commonly called football include association football (known as soccer in some countries); gridiron football (specifically American football or Canadian football); Australian rules football; rugby football (either rugby union or rugby league); and Gaelic football.[1][2] These various forms of football share to varying extent common origins and are known as football codes.","","draft","2020-12-06 09:10:05","6 Dec, 2020","6 Dec, 2020"
"16073230947472","16068102971794","16072450602621","Beauty Tips","","Beautiful","beauty-tips","","","Face oil may sound like a major no-no for oily or acne-prone skin, but trust us, Certified Organic Face Oil is proven to regulate the skin's natural oil production and instantly moisturize. Suitable for all skin types, here's why this Organic Face Oil is the secret to a radiant complexion.","","public","2020-12-07 06:38:14","7 Dec, 2020","7 Dec, 2020"
"16073423053177","16068102971794","16072450602621","Winter","","Birds, Fogg","winter","Birds are a group of warm-blooded vertebrates constituting the class Aves /ˈeɪviːz/, characterized by feathers, toothless beaked jaws, the laying of hard-shelled eggs, a high metabolic rate, a four-chambered heart, and a strong yet lightweight skeleton. Birds live worldwide and range in size from the 5 cm (2 in) bee hummingbird to the 2.75 m (9 ft) ostrich. There are about ten thousand living species, more than half of which are passerine, or ""perching"" birds. Birds have wings whose development varies according to species; the only known groups without wings are the extinct moa and elephant birds.","","Birds are a group of warm-blooded vertebrates constituting the class Aves /ˈeɪviːz/, characterized by feathers, toothless beaked jaws, the laying of hard-shelled eggs, a high metabolic rate, a four-chambered heart, and a strong yet lightweight skeleton. Birds live worldwide and range in size from the 5 cm (2 in) bee hummingbird to the 2.75 m (9 ft) ostrich. There are about ten thousand living species, more than half of which are passerine, or ""perching"" birds. Birds have wings whose development varies according to species; the only known groups without wings are the extinct moa and elephant birds.Birds are a group of warm-blooded vertebrates constituting the class Aves /ˈeɪviːz/, characterized by feathers, toothless beaked jaws, the laying of hard-shelled eggs, a high metabolic rate, a four-chambered heart, and a strong yet lightweight skeleton. Birds live worldwide and range in size from the 5 cm (2 in) bee hummingbird to the 2.75 m (9 ft) ostrich. There are about ten thousand living species, more than half of which are passerine, or ""perching"" birds. Birds have wings whose development varies according to species; the only known groups without wings are the extinct moa and elephant birds.Birds are a group of warm-blooded vertebrates constituting the class Aves /ˈeɪviːz/, characterized by feathers, toothless beaked jaws, the laying of hard-shelled eggs, a high metabolic rate, a four-chambered heart, and a strong yet lightweight skeleton. Birds live worldwide and range in size from the 5 cm (2 in) bee hummingbird to the 2.75 m (9 ft) ostrich. There are about ten thousand living species, more than half of which are passerine, or ""perching"" birds. Birds have wings whose development varies according to species; the only known groups without wings are the extinct moa and elephant birds.","","public","2020-12-07 11:58:25","7 Dec, 2020","7 Dec, 2020"
"16073444244474","16068102971794","16072451204879","qweq","","","qweq","wewqeq","","qweq","","draft","2020-12-07 12:33:44","7 Dec, 2020","7 Dec, 2020"
"16073445776663","16068102971794","16072451204879","retr","","ret","retr","ret","","reter","","draft","2020-12-07 12:36:17","7 Dec, 2020","7 Dec, 2020"
"16098222934079","16068102971794","16097350131776","Arms, Narcotics Cases: Erfan Salim cleared of charges","null","politics, nation","arms,-narcotics-cases:-erfan-salim-cleared-of-charges9GU0BJhvneuL4MCx","In their final report, Chawkbazar police said they did not find evidence to prove the charges against Mohammad Erfan Salim in two cases filed under the narcotics control and arms acts.","null","<p style=""margin-bottom: 21px; font-family: &quot;Droid Serif&quot;, serif; line-height: 24px;"">""We are sending the final report to court today. We did not find evidence to prove the charges beyond doubt,"" Moudud Hawlader, officer-in-charge of Chawkbazar Police Station, told The Daily Star yesterday.</p><p style=""margin-bottom: 21px; font-family: &quot;Droid Serif&quot;, serif; line-height: 24px;"">Erfan's bodyguard Md Zahidul Mollah, however, is not off the hook yet. He is being charged with possession of an illegal firearm, said investigation officer of one of the cases, Inspector Delwar Hossain of the police station.</p><p style=""margin-bottom: 21px; font-family: &quot;Droid Serif&quot;, serif; line-height: 24px;"">Prior to his arrest on October 26, Erfan, son of Dhaka-7 lawmaker and Awami League leader Haji Md Salim, was the councillor of Ward-30 under Dhaka South City Corporation.</p><p style=""margin-bottom: 21px; font-family: &quot;Droid Serif&quot;, serif; line-height: 24px;"">The two cases were filed following a publicised Rab raid on his home and alleged torture cell in the capital's Chawkbazar. A few days before the raid, a navy officer accused 37-year-old Erfan of assaulting him after Erfan's SUV hit the official's motorcycle.</p>","","draft","2021-01-05 04:51:33","5 Jan, 2021","5 Jan, 2021"
"16073456543791","16068102971794","16072451204879","tyyt","","ew","tyyt","weww","","weweqre","","draft","2020-12-07 12:54:14","7 Dec, 2020","7 Dec, 2020"
"16073469212779","16068102971794","16072451204879","dsf","","sd","dsf","sdf","","sdf","","draft","2020-12-07 13:15:21","7 Dec, 2020","7 Dec, 2020"
"16073470424460","16068102971794","16072451204879","sdf","","dsf","sdf","dsf","","dsf","","draft","2020-12-07 13:17:22","7 Dec, 2020","7 Dec, 2020"
"16073478983355","16068102971794","16072451204879","dsfg","","fd","dsfg","df","","dfg","","draft","2020-12-07 13:31:38","7 Dec, 2020","7 Dec, 2020"
"16074886232674","16068102971794","16072450334791","Ronaldo brace, McKennie volley power Juventus past Messi's Barcelona","","Football, Champions Leauge","ronaldo-brace,-mckennie-volley-power-juventus-past-messi's-barcelona","Cristiano Ronaldo scored twice and Weston McKennie added another as Juventus beat Barcelona 3-0 in a much-anticipated Group G finale on Tuesday.","","Cristiano Ronaldo scored twice and Weston McKennie added another as Juventus beat Barcelona 3-0 in a much-anticipated Group G finale on Tuesday.

The win saw the Italians top the table on head-to head results with Barca, leaving Lionel Messi & Co. to settle for second place on a disappointing night at the Camp Nou.

- Barca Ratings: Messi 7/10 but supporting cast absent
- UCL: How teams can qualify for round of 16

It was Ronaldo's first meeting with Barca since leaving bitter rivals Real Madrid in 2018 and it did not take long for the forward to make his mark on the game.

The Portugal international tested Barca goalkeeper Marc-Andre ter Stegen early on, before opening the scoring from the spot in the 13th minute after being felled by Ronald Araujo.

Defender Danilo flashed an effort just wide as the visitors cranked up the pressure, with a stunning McKennie volley putting the Italian champions two goals up and in full control seven minutes later.

""The defeat was because of how we played in the opening 25 minutes,"" a furious Barca coach Ronald Koeman said.

""We started badly, we looked scared, we weren't aggressive. It looked as if we'd come out looking not to lose, as opposed to trying to control the game. We weren't good, not even positionally.

""We got better but we lost the game in the first half an hour.""

Ronaldo got his second penalty when Clement Lenglet was penalised for handball seven minutes after the restart.

Things almost got worse for the Catalans a quarter of an hour from time when Leonardo Bonucci thought he had scored, only for a VAR review to show he had been offside as he bundled the ball in from close range.

The result puts the under-fire Koeman under pressure, with the club suffering back-to-back defeats for the first time under his stewardship.

Forward Antoine Griezmann, however, said the defeat was not Koeman's fault.

""Who else's fault could it be other than the players? We're the ones who go out there and play,"" he said.

""We were missing everything: desire, attitude, a willingness to run. Everything was bad.

""We've left a really bad image here tonight, for ourselves and for the fans.","","public","2020-12-09 04:37:03","9 Dec, 2020","9 Dec, 2020"
"16075121846325","16068102971794","16072450334791","nmbnm","","n,m","nmbnm","gggggggggggggggggggg","","ggggggggggggggggggggggggg","","private","2020-12-09 11:09:44","9 Dec, 2020","9 Dec, 2020"
"16075847322149","16068102971794","16072450942532","Why o why","","bangladesh","why-o-why","lorerm  ejeu uytie tiuer tei tie ti outyuoity4uit yiuthitieuteit8  iu to utio ut4","","lorerm  ejeu uytie tiuer tei tie ti outyuoity4uit yiuthitieuteit8  iu to utio ut4lorerm  ejeu uytie tiuer tei tie ti outyuoity4uit yiuthitieuteit8  iu to utio ut4lorerm  ejeu uytie tiuer tei tie ti outyuoity4uit yiuthitieuteit8  iu to utio ut4lorerm  ejeu uytie tiuer tei tie ti outyuoity4uit yiuthitieuteit8  iu to utio ut4lorerm  ejeu uytie tiuer tei tie ti outyuoity4uit yiuthitieuteit8  iu to utio ut4","","public","2020-12-10 07:18:52","10 Dec, 2020","10 Dec, 2020"
"16079349422943","16068102971794","16072450602621","Sheikh Mujibur Rahman","","politics, nation","sheikh-mujibur-rahman","Sheikh Mujibur Rahman (Bengali: শেখ মুজিবুর রহমান; 17 March 1920 – 15 August 1975), shortened as Sheikh Mujib or just Mujib, was a Bangladeshi politician and statesman. He is called the ""Father of the Nation"" in Bangladesh.","","<p><b style=""color: rgb(32, 33, 34); font-size: 14px;"">Sheikh Mujibur Rahman</b><span style=""color: rgb(32, 33, 34); font-size: 14px;"">&nbsp;(</span><a href=""https://en.wikipedia.org/wiki/Bengali_language"" style=""text-decoration: none; color: rgb(11, 0, 128); background: none rgb(255, 255, 255); font-family: sans-serif; font-size: 14px; font-weight: 400;"">Bengali</a><span style=""color: rgb(32, 33, 34); font-size: 14px;"">:&nbsp;</span><span lang=""bn"" style=""color: rgb(32, 33, 34); font-size: 14px;"">শেখ মুজিবুর রহমান</span><span style=""color: rgb(32, 33, 34); font-size: 14px;"">; 17 March 1920&nbsp;– 15 August 1975), shortened as&nbsp;</span><b style=""color: rgb(32, 33, 34); font-size: 14px;"">Sheikh Mujib</b><span style=""color: rgb(32, 33, 34); font-size: 14px;"">&nbsp;or just&nbsp;</span><b style=""color: rgb(32, 33, 34); font-size: 14px;"">Mujib</b><span style=""color: rgb(32, 33, 34); font-size: 14px;"">, was a Bangladeshi politician and statesman. He is called the ""</span><a href=""https://en.wikipedia.org/wiki/Pater_Patriae"" style=""text-decoration: none; color: rgb(11, 0, 128); background: none rgb(255, 255, 255); font-family: sans-serif; font-size: 14px; font-weight: 400;"">Father of the Nation</a><span style=""color: rgb(32, 33, 34); font-size: 14px;"">"" in Bangladesh. He served as the first&nbsp;</span><a href=""https://en.wikipedia.org/wiki/President_of_Bangladesh"" style=""text-decoration: none; color: rgb(11, 0, 128); background: none rgb(255, 255, 255); font-family: sans-serif; font-size: 14px; font-weight: 400;"">President of Bangladesh</a><span style=""color: rgb(32, 33, 34); font-size: 14px;"">&nbsp;and later as the&nbsp;</span><a href=""https://en.wikipedia.org/wiki/Prime_Minister_of_Bangladesh"" style=""text-decoration: none; color: rgb(11, 0, 128); background: none rgb(255, 255, 255); font-family: sans-serif; font-size: 14px; font-weight: 400;"">Prime Minister of Bangladesh</a><span style=""color: rgb(32, 33, 34); font-size: 14px;"">&nbsp;from 17 April 1971 until his assassination on 15 August 1975.</span><sup id=""cite_ref-1"" class=""reference"" style=""line-height: 1; unicode-bidi: isolate; white-space: nowrap; font-size: 11.2px; color: rgb(32, 33, 34);""><a href=""https://en.wikipedia.org/wiki/Sheikh_Mujibur_Rahman#cite_note-1"" style=""text-decoration: none; color: rgb(11, 0, 128); background-image: none; background-position: initial; background-size: initial; background-repeat: initial; background-attachment: initial; background-origin: initial; background-clip: initial;"">[1]</a></sup><span style=""color: rgb(32, 33, 34); font-size: 14px;"">&nbsp;He is considered to be the driving force behind the independence of Bangladesh. He is popularly dubbed with the title of ""Bangabandhu"" (</span><i lang=""bn-Latn"" title=""Bengali-language romanization"" style=""color: rgb(32, 33, 34); font-size: 14px;""><i>Bôngobondhu</i></i><span style=""color: rgb(32, 33, 34); font-size: 14px;"">&nbsp;""Friend of Bengal"") by the people of Bangladesh. He became a leading figure in and eventually the leader of the&nbsp;</span><a href=""https://en.wikipedia.org/wiki/Awami_League"" style=""text-decoration: none; color: rgb(11, 0, 128); background: none rgb(255, 255, 255); font-family: sans-serif; font-size: 14px; font-weight: 400;"">Awami League</a><span style=""color: rgb(32, 33, 34); font-size: 14px;"">, founded in 1949 as an&nbsp;</span><a href=""https://en.wikipedia.org/wiki/East_Pakistan"" style=""text-decoration: none; color: rgb(11, 0, 128); background: none rgb(255, 255, 255); font-family: sans-serif; font-size: 14px; font-weight: 400;"">East Pakistan</a><span style=""color: rgb(32, 33, 34); font-size: 14px;"">–based political party in&nbsp;</span><a href=""https://en.wikipedia.org/wiki/Pakistan"" style=""text-decoration: none; color: rgb(11, 0, 128); background: none rgb(255, 255, 255); font-family: sans-serif; font-size: 14px; font-weight: 400;"">Pakistan</a><span style=""color: rgb(32, 33, 34); font-size: 14px;"">. Mujib is credited as an important figure in efforts to gain political autonomy for East Pakistan and later as the central figure behind the Bangladesh Liberation Movement and the&nbsp;</span><a href=""https://en.wikipedia.org/wiki/Bangladesh_Liberation_War"" style=""text-decoration: none; color: rgb(11, 0, 128); background: none rgb(255, 255, 255); font-family: sans-serif; font-size: 14px; font-weight: 400;"">Bangladesh Liberation War</a><span style=""color: rgb(32, 33, 34); font-size: 14px;"">&nbsp;in 1971. Thus, he is regarded ""Jatir Janak"" or ""Jatir Pita"" (</span><i lang=""bn-Latn"" title=""Bengali-language romanization"" style=""color: rgb(32, 33, 34); font-size: 14px;""><i>Jatir Jônok</i></i><span style=""color: rgb(32, 33, 34); font-size: 14px;"">&nbsp;or&nbsp;</span><i lang=""bn-Latn"" title=""Bengali-language romanization"" style=""color: rgb(32, 33, 34); font-size: 14px;""><i>Jatir Pita</i></i><span style=""color: rgb(32, 33, 34); font-size: 14px;"">, both meaning ""</span><a href=""https://en.wikipedia.org/wiki/Father_of_the_Nation"" style=""text-decoration: none; color: rgb(11, 0, 128); background: none rgb(255, 255, 255); font-family: sans-serif; font-size: 14px; font-weight: 400;"">Father of the Nation</a><span style=""color: rgb(32, 33, 34); font-size: 14px;"">"") of Bangladesh. His daughter&nbsp;</span><a href=""https://en.wikipedia.org/wiki/Sheikh_Hasina"" style=""text-decoration: none; color: rgb(11, 0, 128); background: none rgb(255, 255, 255); font-family: sans-serif; font-size: 14px; font-weight: 400;"">Sheikh Hasina</a><span style=""color: rgb(32, 33, 34); font-size: 14px;"">&nbsp;is the current leader of the Awami League and also the Prime Minister of Bangladesh.</span><br><img src=""data:image/jpeg;base64,/9j/4AAQSkZJRgABAQEASABIAAD//gBYRmlsZSBzb3VyY2U6IGh0dHBzOi8vY29tbW9ucy53aWtpbWVkaWEub3JnL3dpa2kvRmlsZTpTaGVpa2hfTXVqaWJ1cl9SYWhtYW5faW5fMTk1MC5qcGf/2wBDAAYEBQYFBAYGBQYHBwYIChAKCgkJChQODwwQFxQYGBcUFhYaHSUfGhsjHBYWICwgIyYnKSopGR8tMC0oMCUoKSj/2wBDAQcHBwoIChMKChMoGhYaKCgoKCgoKCgoKCgoKCgoKCgoKCgoKCgoKCgoKCgoKCgoKCgoKCgoKCgoKCgoKCgoKCj/wAARCAFEANwDASEAAhEBAxEB/8QAHAAAAAcBAQAAAAAAAAAAAAAAAQIDBAUGBwAI/8QARhAAAQMCBAMFBQYEBAQFBQAAAQIDEQAEBRIhMQZBUQcTImFxFDKBkaEjQrHB0fAIFVLhM2Ky8RZygpIXJCU0QyZEY4Oi/8QAFgEBAQEAAAAAAAAAAAAAAAAAAAEC/8QAGBEBAQEBAQAAAAAAAAAAAAAAAAERQTH/2gAMAwEAAhEDEQA/APQjfKnKNiR8qrBRI30PpRxp126UQce5r+NE12gg+tFHMTrJ/e1coASd4NBwVBMTFcViIohtiOI2mG25exK7t7Nnmu4dS2PqayriHt0wGyNyjCmLm+UhYS28kJDbgjVQnWNdOpFFkVPiLt+xI4qkcMWNunDm20gnEGSXXVx4vdUAlPLT18qrGIdtHHF4tRZxRizaUZCLW1QMo6SqT9eVRrEQntJ4179LquJsUKoiAtOX/tiPpTlHabxssozcTX4IJ0KUCfWE1BNYd2wcb2SkF6/YvW4nLdWqCDrr4kwa0fhPtusL9aLfiSxcw11Q1uWJdY+I95P1qo1LDMTscWtw/ht7b3jJGbOw4Fx6gaj407nTSflVRxIPMfHWuBMaamKDirLoJoAqDAmPM0R2YgAJmuz7an4UAmDyoeQgGioxAHIU4b/elAsneNaOnaDMDyog40SOh6UECZA1iijFI0gfOmN9iljZrcaubtttxpIW4nVRQkzBVExsd+lBWcQ7QuFbZ5Qd4gssjSQohpXeLcJmEpA8hr6isv4z7ZMQuMRDXB5VZsn7Mv3QSvPH3ktkeA67kmRyoRi+OXNxiF+5dXr791cOKK1uPqKlFZGup5fhTMkkiDMGJPOo1BQFDXSI6Ut3CjlgHMZGUDYxofOgVTbLg7wJKgU7EHnTj2U5UjLK4J9QImPPUVUKlJQgla1FEyNNJ2Ipxhd53KkAoDiU6FJEAgjWoLBgzoRfnEMD9osbtlCEh1h4pJdWrKn1TO4M1vXA3aFZ44hFniyTY4sgBK+9T3bby9QSmfdMg6H4VUX3LlMEHSgI0mDQAqDAB32oonmeXKiOmBOw39KMNRIH0oDcpBrtgPe+BiioxvUacqcI3j86ilkJ300pRKfn61UDC0n3SfShbCh7wg+tAdBJcAgBRNeTuIe0fEn+HEcO2ifZCVKGKXSV5nb1/MQ4c3JBP0gbUFEdQ7YFuW1MLUkeGCCQZ1+PlSTTuYBKU+MqlSircGIHwP41FOxbLuWkqUVIuM8ZToFgzBB6gimb7J7ougmQSFdEqFUEQlWbLIEqg/Cl+9UHe6IBCAQUnlEmPzoFEOjvjkHiUPDJidPd9d6Ml4d00SMq21DLuOVBzVwoFZyZwpyRm8jNObd+3lPeIVlJVmynWdefqaB7YXzzIbcw99bTyVJdUU6Fa0KKkkjnB+gq34vbLxPEBcsWalXjqTcKACwt1KsxccUDoEpXKRG4HOaI1Lgbiq4scEwmzxJp66zIVBtUBWRsKKUnf3Bprrz6VoWF4kxidqm4tSvKpKVZXE5VAKEj6UDtQEa+utF+hogpkjxQZGsVwEAbyBuTNApIjU60OaAJifM0EW1tFOGhO9RThAHQmlBOlVBlEzp/vQHU6iiqR2v8VucJ8JLftkzfXi/ZbdU6IJSSVn0Aj1IryfZPh2/cuLxAcS7mU5ECSTJiNpNATEH3Ly8W88tx9cBIUokwgABInyAikf8AAUCSJESUnWiiOvKSs5XFRnJBmNCZo6rx1aElSioA+IfCgTbUMoCUAkHLod9OVSDOHPO3qC1mKM28TGkjb4igcv4O8S6xGqGTcAI10yzPp16Qai0pUHsqEeNUQCdtP2aBZtpQbUY0z6R9fnQhhSQRCoGg03NAKSptcHwDqBuDrp1q8cP8TCxTiN2732e24e9ktkklS+8Q4MoH9IlRUeoBoLpwk8MR7TGkshlFoHl2SEIlOZvuC4tCZGgKlZikeQrVsIubxhb4vVvMs2pKG0JbStstychBHi2THTWqiwocS62hYIKVAEGhInb61EBBB86AAxqaAQI3+VGiN8vxoI5pI00pw3B6QKinSEzvHwrkKzIzCQD/AFaGqDwKKdzy660Hnv8AiRxR5nHMOt/aFqw122yLbTqEvIclRH+YJWPwrIW8Le7yy7rI+q9V9goKhOiykyOQ0nXkaEOuILltV2nD7NKHGbVXdqeCQO/XMFY8tNPLemTFkHLoJWChvLnMAAmBsJ3PON6KRDJfT4YUhKY58+YH1oU2M5wShTiRKgk6kdRO9AuzbOWjjalBKVZc6SU5wpM+8I0I3BG9SGHrDDb7KFpaddQUOFR0UDz15+YoHltZ4qsJLFm8pTWbUAlSkxBjrp9N6s6+BL+2wm2uFsIu0pQjI63OZtGpg7HQmKsC2E8EOYg+ppm3UWSpSErOhT4JE9dR86dXPBN23Zq73D3ApS4QpK82QaSueu+nnQUzFMEdUptMLLyllsGMuQCQJ8jv86i8TtSlb4ZaWhstRlKpUQN836cqgf2OM3vD+KruLBxTV4HVq70wcpKQklPqNPnWh8Ndrrqm0M4mlTmI3KmrQ3SdGm2MxleVOueVq28ulEbTh1823fXuFFstvWRT3YcUSXWjsqTqTvO+2tS6Tr5UCmoA0igzAgafWiBBMbb1xOtFRzXwinKN+VCl24iTGnSj5QSDpO22tEd5iNaAuJb8bhSEI8SlHkBqT8qK8Z8dcQucWXl5cBxluzw5tTjKCdXit/xKHmQufRNQtk81ZvXiXVrcKG1Jt1tKMEnn6QdRVUmLYuqSsOFaT7x5ADr8qVuGpby9+heaCUhJkevIGoLx2ecJvYyw+qWggHwLI96Ryq1P9kjwaT3Lyg4VZsw5edULYZ2Sm3KlvkuvJUCEI8KDzINWzAezu2S4l+7STlSUpYdAWgg9dJ31oi74Ng1phlsGWGW0IBJAGsSeRPrT827JaLZQjIdxGlRDZjD2LYKCECFKzR0NLllsgAoTHQ0VC4nwzhV+IetW5zBeYDWfOo9ngTCVShds33ROaI16fI9Kuiu9o/ZfaXmCpucDtsuI2pKlIbhPfIjaDpI5fGsBaaesLxt4t5HWSHUBwlIzA6ba/wC1Sj0Nw9xKOIrHC8TavhfYrYrRa3dmxbkoC1gy6ndQESM3ukp5Vp6YKZGgUJE0HFMiRHxowTA0ifOgKqBudPM0YqjSgjmdRJk+dOUbc58qBwjbnRjpz5UCVw+3bMrefWENITmUtRgAedUvtiv8Qwfgq5xDDL1m1uGMxW2+AU3DZSQpAHXYj0jnQeOyUttBtKdAmBJ1ERBozKgHJVKef+1FSHfTMZkqWAlCQfCEzvFK2rbJdhvM+8sxlEig3bsjdbbfFuGgCEhSyNkQSIFbIhKSgcyd6qDZRppRgnnrUQHzrj8aAAfOu586AixprNHZMbCilVw42UqEhQgjrWB9vWBW2Hm0vLZkIadQWwB91xOo+BE/WqIjsTsLj+Z4pfLW6xhzTBbun0EEJBBUEqRuoEA6jY1tvZzitvivDSXLC4XcWzTim23FLKyRv7x1IHKddqgtJOYCNxXDnBNB3PWf1oxO2g2oRFW8mNN6doGmnKgWTAiYBpSATI+NBXO0G8bsOB+Ibp63TcNtYe+SysSHPCQAfKSK8U3C7k2zC7m4uHVOIIBdWs5gPCdSdR4Y+FFhmskRGpijNwVJ6AzPpQw4ZV4zCikmCSN5qxWBX7Iq3QGmwogqWU+IQZjNy039KDZezN1PhU1C0EynLGgGgUSep2HlWx2p+xT+dEOQfKjAkUQT1oDQAa4UVyoI1Glc0dVA86BQEg6bRWYdrtojFLjD7JaoaeWGFqnwtur0aJ6SrSrBUexDBn1Y5iSn0uobTbuWt6CojI4ZEEHeIjy0q99gls3a9nqWmwApN9cJWYjMoKAn5AVBosHp6UMCNRJFEDk2kkjrXJkJEAmio1ggCnaI+FAuDMSaNpGs0FW7TbG9xLgHHrLCm0ru37RaUoJIzDcpHUkAj414mU6p1hkSS2hBCQfugmSPmTQhMwRpQDQ0aLtuqQoEGFDYdaeWt66HECVbkRJgg7g+tEb92XWd4/bm4SG0JzplJEEACNogVsNqnu0iSCTE+tVDsba70aaiC86CB8dqAp3PWh9aKITFC1GaeooFZ0rKOPmXn3uIrNp8KcQ0l1ts7OBQ1bUD1SCQeREjaqkUnDOOHsES/ZXJW67csOMv3iT41S2FMOgHTNHhUDqSPjWgfw/XPtXBF1C5Avl+GfcJQgmPKZqK0+eU60dBEb60QaEZiQAOs1xI/wAvxFFRtudttop4idOtEOEAzuJ8q5U8jrRRFEhQIVqDXk3tq4AvOGMevcUtLVR4evni606jUW7ijKm1/wBIzTlO0GKDMVJhW4B+dFA5/jRpyQZI+G9WHgyz9vx+1YUhS0TmKE842H96I9Y8PWbdhaNstkD7ylAe8o71NtrAAmIIB10gVUOA+hAEqHzmlUqChIUCPWoDCCJkfOiqjYx86I4CAdaDYGTRSZcj+5pu5iFvbgl91KBOpJ50DxtxDqErbUlSSJBBkVjPb+HsMdwzGbF0svqUltR5KKJKZHlJ33mqMfxnFG8Ywq2WokX1ikMZfuusz4SCNcyTpr90+VbD/DbfleF41YkpUEOt3KdfEMycqvh4RUVtIUTqYIilCdTrz5miBJnSAaOhwhOn40ETbgiN4p8j5UQqnzB1o2Y9J6UAET1mkn2m32Fs3DSHWVpKFtuJCkqSdwQdxFFeZu0rsXxTDsVfvOE7du6wp9yWbNC4dZJElICtFJBmNdBFZVi2FYhg94bTFrG4srgCQ28jKSOo5GqumJT9pGu+vKtQ7EXcPtMSxJ++eZafShOQPLCZ11Gp61BvVvepetEuW62lISDmU2sL/Cqzj3FotkqU9iFnh9uhJPePXCO8cI5BsSdRtpVRTB2o2Si73QxXEXTqAy1lgR8hFMMX7Uri5hLLON2Ck+HwOtkmBzkaVNMIM9ruM26B3V1flKiSPaGEOA+Xhgx51ZcN7bW3L22FylKWFNq7+UmUrAMRPIwPnTVxpuDcb8PYowFWuN2SlRqhbqUKGnMK+NQXHPaLhmDYU+q0vWbq5KcqEsOJXlUZgmDtRGR472p4vfPrNniVy0yQIt7ZsJy/8yzv8qrZ4oxK5ebedSbhxBnvLt5bhE88oIHwpq4vHAvFXE9y+zYYdxBhOHZpDbTtnmExsOpP5UftlXxvbYRascUXeD3+Gl4ONOWTPdrCwIGZJ1A1Ou1IMtvGFW+F2d+vDnWLW6Svu7hLhUhxSCQoAHY9RXpjsd4Hb4Xw037y1OXt62D4kQUNGFJB84iaDR5gdPWjpOp86Mjp2AmVcyNJoRBHiEn0oGbAmnSBEEn6UB4P5UOoAoBAMiefTlXEHl+FFUHj244mbxzDkcLt2Tim0LW8i8HgyACY8zMadKbYtYYfxLY2tlxjhDbNwqFNkKzoUqJPdOCD8DB9aoxntJ7PRwpYrvsNdVd4alwBSVx3jQMDce8PPes7btHbpl1z2dwtNmCsokA9J9KVTjC13VnnVhzjjL6wUlTThSFIKYIgb9aK3dWwwBeEqw23RiC7xLxxGZdKII7sz93WRB151kPXscdQ2MPwxw2NinRXd++6dsy1fePQcqXt2OHmbd5OJOYyLxACkpS2lKVIMayozOs+gNUR6kMLLnsD78BXhS4InXqOevLrT7D8Bcxe2eDedN02lRSY0JAJg+oFMFabAdSCQVKKZSAJ/enSlS2q0zIcbUjMkQCI/e9RVkwxvCHUpt7u7cs7BoZ33mmyt64VEkADYATrUtiN3wS2AzgmHYpeNyEh905CqZkxP7iqiuPvNWt+o4a48ykEfZPEd40reJHn8a1Dg7s5v+KcFusQxu9fYDiR3KXBmcWY3VOydfWgR7CeBbLiJu9xXiFo39lYO+w2bDpJaKgcy1xzElMDaSa9EjMVSdCaA4nn866TOnOog6ZI1GtHBjcn50Q2YPh21NPGwY8utVR+WooQny1NB2URp86KTECNT0oILFEBN3cPrQjK2ytIk7k5T+tQfF/EFvgnD7vtbAeKG/8ADVsV5fCQeRB51RmuKY7ccTcJvNu4c/b3txYKc7lzXOn3krSTuCQaL2H26m8DvFPtQ09cSMyIBhME60FwxTs4wDGGVLRb/wAvuVbOWpjXmSnY71hfG/A2I8L31m3dZXUPvqYZdb2XoFJnodTSqX7OMBYxDEl3D7ikLt1pU3lOoVPvH0rTOP8AA8Nx12zdu7BxF1bkIcu7ZaQtxs8lDUEAmfKkEXiOH8PtYNbYR7GlltnPkATmWpSx78zqqlMA4cGBcF4tiV0fG2y6tDjnhUUAHKCOsxrREx/Dlw01Y8Hu41cMoVd4ishtSk6paQYAHSTKtPKqd2/YYxZ8QWlywwEF0y6pKQE/IeXP9KnFWTs0wKwwezavXVNv3d8wW3m1NgtqTJGhPUH4iou44LsrDGnruxsWWkoWSkOOlSG9NChI2M7etVGo8FYDhLvCybe4w61e714vPLcaSS45/UecjYeVPuJbljhPgLF70phFnZr7v/MojKgf9xFAw7IcD/4e7P8ACrIqLq1pFy4uIlTqUqPyJirmEj5VFDG4jShiZ60QdIAGooCBzMeVEIW5Gni1p82f3FFDOn5Uc8ulB3KJ+dARI32oIfH2yWLgggFbcg+Y/tVb4kwtnFsSw1h3IbNxKXVJn3gI0184qguN2QS/d3rzbaUsNIZbymIBJECNhtUfhCG0I8AUEZjGnOJ+AoLPYmGE5ChWQ9NPjVX7XuH38c4AvhZAKvrBSMQt0gaqU3qpPxTm+QoIjsqsMPxHhJjE2EIK7xxTpcTE5p1B9Noqx3fDzVypObMUkHwyNuh+lAbDeGLRt3vFMBakzClAGBVH7Si/xZibPBnDag4ygJexa8aVLbCJ0bJGmbnHoKDWcCs2rKxZtrZJbZYbS02iIhIEAVSe2HhpvGMHafdADbTgbcWBqgK0zabgGDFBn3BvFB4XUnhnjhPcJZJ9jviJbcRyGbmOh5bGtHVglpet+02jwuGDCkvNuZgfiNKQTmCW6bS4ZbtklAgafp5a1X+0VSeLWsVwq2zvYVgLa7nEVN//ADXYQSzbJPPKTnVG3hG+0ounDyFowDDAsEOC1bzA7g5RoakQfENvM0AhW00ZJk7/ANqAZ0rtep+FAjbzAp63Ma0Cka60fZQoOOp2AopBgUDW+QFs+OMqZn0Ig1W7S0K3Ra3CpRbKPcr3KQr8R5VR148+3Yu2t8ykqW2sB1AGV3YpPqKrzWjYBMFIJ6SfKgsmFOAISYMGACT86mWlI1ykBU6c6DIsQwfiDs9xvEr/AIQwhOM8M4gvv3sLCiF2j33lN/5T5dYOwNPLbtA4hvipGD9nOKKdAzBV46G2/wAB51ALnCfGvFiP/q/Gm8JwxfiVhuFaFQOsLcO4q4YNhGF8P4Y3YYHaNW1qn+hPvHqo7qPmaCasCS1MTyk66Uqu1F4zd2rqQpt9sggjyiqM7wjDsP4o4cTaYxasXDbZU0tpwSUrSdYI1HqKgD2TLwy6dd4U4kxPB85zBrNnR6cpHrNBJYXwVxQ7iDDOOcZ3dzhuUi4Zth3Djg/pzjUA9d/OtLtsPscEwluzw23as7NCkgIQNNVAEkncnmTqagdlHdgJGw+tFA8gaAcon3aME68/jQGiOU0A8qITt4gTTxEdYNAaJ3NHk6UUG2kmilUbnWg6ErUEq2O461CMAHvWQkhSVKTvvB/2qiHx1snDnnn3CSkSkHkZGn41U31wtCRlJRMlPQ0E9hF2tASBmCVbSPy/KrC294Rm8J2Obn50CjrsoKAspBjUGDXJvG20HOcxSn3iaCC4jxtNqwHyoi3SpIXHQn8OtSlqWygSUrTEwTpQOrNYQoyvQHXyFHuL5LDqFpUNFCPnUFaxLCW+HLs4rbulNm+9luEGISpapSfSdPjUu3eNONZhMHaT9KoC3vQm7CSRqZ32H7ii8c3loxwrduX1wphklCQpG+bMMo+YoJbDrn23D7a4zEl1tKiSIJJGulOANSRtzqDk+evSuJCRUAjymgzUBbf3QQNadoJgCqDg8hFG5UQGtBvz9aADvqKaXGHtPvpfEtug6qTrm8iOdBVuK8EUjB7m7ucQfdWwpDraE+BM5xuB725FUm+uAlxagAkBO0+E6b/hVElhzxUlBbBCY3J32n6fOKlRfONAFRSATMKO8dPOijtYm4SJGo0nrr+4oX3nViEbKgTPnrQOhaocZW1cNIUhacqwQIUP0qg8VtcWYNeK/wCFsSsH7FaoTa3SftWpMQFcx+lFVZvtA4qwpxxeOW1s6yhWUu2/iy+oB8qhsY7VsWvS2LdSGkpVO3PlPl5VDEa3xRj2JWSbXE8Uuby27zve7WZAVqZ0rZOE8XdewZhV5Iey6zzHIn4a0iFMQxVxp9rIF6EZo561ecLbZxSxQi8aZuW0lKsrqQoZtwYNUTo2A0FATFQANaKZ2jlUABUHUQKMVnTUUMFYEDnTpB2iaqFUjXTMKMROp2oOjpQaRRXGNKKDpoDFEQvGDZc4XxMJklLPef8AaQfyrFEXv27ryijMWwoCCQRmjQfT5VYRZ8CJcSlL2XNqnoBuIjlyqWcZzkSkQATrtI31orggJZ7w8tyBGoqIxHjLBsHeabublPeH7syU85PQQaCt4x2w4cm2xJNg0tamsqLZwH/GJVqdtABJ1rL+JOOb/GDcJTlYafdK1BI+7GiOsDWmriut3ry30JDispWCBMTB0+lNn1JL6/CUHMSQdY8oqKf4Ji/sTyVrRnDeo89edX+y7QmFqbZSwtoaJzmN5Oh12omLnh3e3j9u8tA1HiSNwSevzrWeD0f+nrWkk51c9fKqibUBRT11qIAeEgSfWgUR1qKA+UnyrgdPvfKgPbnwgjlTlonQGKocJmOVdr5UUCp0oomKIKSZA0jlQGQNYoGGPjvMAxRHW0e/0GvMtjiJdaTmUS4QkxAEnp5/2qwWfBsQy+zoC8w7zKo5vFAkjXpVstcQS6ltASFAaaq0+HzoH1urvEoScuYnKBGvpWBdofDF/b8R3NxbIXdW75zpKUyQenpRVac4bxxttLjuD4iGVEQoMmDO1O0cGcQLbStvB3iFDQhSSfiJ0NTF1LYLb/yKf55wU/eSD9plWFJ57CRy+RplxEzc4oo3Fpwl/KWkkqU4lKwVE9SqqiqOMusOlDjakrTuk9KkuH7J24vkKLWZtsgqHxj8aitzwZ4FSGzmDp1QMslRJEkeX6VtGDWos8PaayjOEyr1oyff9tFjTWiClO23zoMuum+9FdlgRRSmf96gIwact6biapS6dtd6NEwaJHHQDeiEgDY0AFWvMRRCr50ETxNitnheEPrvHAkvNraaQdStRSREdNda8qX6vZHEuMkJBA0iIIH4VViUwXHEwhpczmUcwIkTGh+c1bcIxNtRQorytn73rqfx2oLRh10h1BKPEAcpI0I03+mlO7dVu8rOts5SuQUnQ/E71RK6BshtcACIio64xS2tSouANhcgqSNOU/gKGoW74uwdFwR7Y2h1OkFMnX03qo8TcR4ZiKX0JfU8kBICEyB5kA/CoK8pm3vUhtDMpBSkSJ0EDbeKfWmGJtUoW20oHNMERJ5aDXnQaD2ZYR7ZiXfrQossKKlrJIClch9K18mdfnUQYxHpQARrPOg4iYj40AEHeaDo5UED9mikmJga06RPU0QoJ60aVTuKDjOX9KIQeZFARUzuNaaYnes4faLuLpzK2naN1HoPOgxLivErnGMTcur3KWVJCbdoGQgHl8fyrPri3Q/bqbygBP3Tv/feqsV1aF2zqpIICveEdI+OlS+GYgpkjMo5VAEeKQPUdd6gteE4yU3CMrkpUsJCSeu5028q0CwvC8nwhCRAUYGuvL15dRVEvZ94tGYjwnQxyPKm1/gj94FQnKpUyT+IoKRjHZ/cOKKm0Nggkcgqouw7O7tla3HghKANBPP986YLBhfDqbUJ8BUvNvGx0kfE/jUizh4bWkoRmcc8CUpGsnSI+VBqXD+EpwjDEWqSCsnM4RzUf0qRKYFRApzR5daLBKgT6TRXb7QZ51wBB1AojjmMAcucV3i2106GgQYAgTvTpsjyoFOZ+tDpJ/Og4q0P6U3urli1bLl06hlIG6zEUFYxPjewYATYsuXbiiQkxkRMdTVIx7GLjFnlP3bqMreiGxohudx/feqK6kFbTneJlB2CtAAD09T8KrDDC27t9JSIS6vuyZKSmdYPOCaKYY9hK1sqe7lDaUA+Iczv8taqLoct1qTBIUOelKHrV+soWpKil4rGVegzbbmrxwXxalp9VteKAQs5lFegB306zH41Bq2D4oxcKnMNUjWeok/rU97e2hOkKEHNymqIHEeJ8MtrhKXrppOY5on3un5V386tLi2zteNAB1P3k/s1dEUzj1kpxtq3dQtWsAGZBjny/vVx4NtA9c3F+4iEohDAjYkST+VQW5sZRGpE/KuMnrUQoco3TpG0UTLB2mooQkbxr1BoyUidRI+VDA5AEwkGdhXBtJHjRJ8jQMbeNIp0g6DWqjnX2mE5nnUNpHNRioq/4js7YEMhdwsT7ug+ZqiuYlxFid0g+yqbtUjWG/eI9TUG6lb68904pSynL4nMxPxNA1ZZQXSkmA3rtrqN6jcVUUJHcgBMZjMH4mqqPU8vKsEAqjTNBB86d8MYaMew/ELFjIcTt1pv7WVRmMBLjR6BQy/ECggHlpuEuJS2W1wWlNrTCm1D3gRPwNVLFcN75oqaHhHhKY0HmOfWoKpcMu2pkElPSN6IFlaStLuV0AkbzvUVOYHxXimGLWltc5kQTuJjQnzqSuuPsQfK0JckHNBBg6+lNMVxeJqexDvb1xayJhIOvxPyqWd4nuFMBhhcEAjP05fLehi29nGCYldKTid04WWHFQhKwJcG2YjppXofAU+z4OyEBKpmY020oiSRcIUASY9aUS4lUQQR60CijOoOlckydfkOdQGbMkSPOj/d1ifKgEkg7CCN6KVmTCgB6UFffxVi3EICnV9BoPnTC4xi7cyhs92DySNTWhEPFx5zM8S4rzOwputxxCiVJTCfd86Bqm6UpxQ8QkzE/SobEnVZC5JUBvB3Pn5cqIVwtaQhwGABlj5HU0hfHOCpYKZBTlHPp6nSiq6lcPEBCskZZGoAB5jr51O8IXxw/ii1uFISloL7l0kakKEEk/X4VRd+OuCP5pdKxXB8iMUAh1lRyouxEa/0rjZXPY1kuJ4e44FNhC232PC5buoyraMz8eevOoKzfWJa99pOYKyxuNqi2cFZuGZbcAdKoCZ1H60VF4hYXlkSHWwtIIHeI+95EeXWoh59Kz4GsoSYipgALkkAEk1buB8LZxPE21X6R3CVAqSNNP8AePnQape42PbLLDLBGa7fcQyw2NueZR/ypAJPnArXrW4ZavFYW2SXLW3aWdeS5j8DRDDHXrnDwq5twFpSJcSd4/q9KZ4XxHbYg4sNryXKDKgDBM+VBYmcRUUnOnQRJNPm3UrIIJBFQLp0AjxA67UbNPUmg5M957xA29KMypSm0qKFagGB4svkSOdFjNVLEAEq6T60dh1QJB8I5EGa0gVrSUDP92ee+lNLpxCV+IzAjfTWgj7klLh2lCRMTG/6VCXji1PpyxqJHIabE/vpQPsIc/8ALukDIEmYAjN0Hl+tEvMhRkJzOCTlO5PryqiMaSHciFHwE7CB66/EUN/ZuMhWQhG26o5j9RpURtfDN8MRwKzucwK8gQuDPiTof35024l4asMeam5Stm6Ahu6ZMOJHTzHkagxji7hHGMEbc9uQi7w6DF0wDlPP7RP3TPPbzqnPWlsi3SttCkEbuDUT+p5GqpjcYgpTvjdK1BOilAHMJn8Z1qIvrSyuQpRTldP3kxvryqKik2ndqGYgjaBrNTuEYuvBmVKZVnedltLSBJWTt6mYoNx7JOD3rIjGsdPe4vcJhLav/tUf0DzP3jU1b3wR20YzZrcVC8MtiERoCmTP/wDVBaMZalrMCYgggcweRrz1x/a3nC3EZfs3ltIgPNKSfunQA9f7VeIvfZ/x21i6PZbl1IuAAIJGp8un960ayuRISZI2gcjUUK7t1l9JbczgSYy/SpO2vC4mPeATqd6B008pRJIKQNNedB7O2pSlJziTJCVxrURnZXDaU5jOkRz+dCteoylPODzGlaHBxJSVIAzKM6ieVMbi418OXNMEadNaBg+pbZVlToCkwRI8zr8qhLt5XfIbiUqE6DX97VQ8wZSgu6SjMkAIifKQKWvwFqKVDUdVSVVBFvzaqMrhuAkhJ3HU0sw+HgrQlOpykbacz8PpVRfuzPEstzd4asyF/bNGMuo308xr8Kv8AnUDSsgFIGVQUkFKhBBEgis44x7NmboKu+HUM2785lWi/wDCc65f6T9KsGJY3g67dy4aumDa3KTlW26nLlMzJj8RVRvEhl5SmlBUCfe3pVLYbh9zil03b2DCri6c9xtoGZ2/ZrdOzzsuTgGTEcZDd1iu6EDVNv5DqrfWorTsMZWl45wN4rFLLH++/iPxF1Kh3DrqrNCuRSlkJH1TPxoNsvvGwUgctPPyrJO0ixOMcP3SUob9qw8qeSncqa+9HmCJ+dWIxnh28NhjbLqQMwVmjYeQNejeH8VTf2SXZ8QAzHr51FTSnFKQFoJCkmJyz+z504trpQWFEAJOscj11oJph7vSfDGgMRvQrUJ1UJ5yY+lQUPKlKShwAzrqfnQOlISAFczsd5rSEnFjus2UEJ1AmPwpksgrCZlZOh69KqELnKpiFZQSNtROn71qFvkd8ttSAYA0BPxkfOop1gC5uVNOAZg0SFb5jP03pzeZileUGJEQRPr58qCEvFshCkEgnKEoEmPmNNjStkPtSE5i3Agk+cbb9frQSWF3S8PxRp8ENrbXmgGQNZ+USK29h1LrSHWz4VpC0nyOtEKSPlRTUFL7WLPAHOD8QveI0ZEWzRLL7cB5Lh0SlHUk8jpXkm3VbvP5r+4KWEqGZAkLcGuxAIB0Anzosarwh2o4FwihLFhw+wuyWYcLC1G5Bn3ytYhXppW78McRYTxTgoxLA7kv22YtrCklC2ljdC0nY/jyoqRVCG3Cn38pyx6aV5evQbTtsYd8RAu2VSBqQWwKcHo5l7vWRmURAG/pWV9oOJfyPGmbttKFjMrvEc1oiCAOYiqjF8RtE2GOOss5lW5Idt1K1ztK1TJ9NPVNbLwXeoVhzTo0JELCJCZHM+Z6+VQWxF80GVEKUXJjMDyoy7zMuPDJ0kRv19KCYw+/+0SlJIGwkTJj61KNPZgStWRX+bc+dFVQtiEkKEdAJ0pvJACNZMHXny351UN3AoELVmSIIATz/f6UncjNlzETmjNPOqhg44UuQTCggTyM+Rpq5bZgUpGYHQKCoI9NP3FRTDCVpTizOZWaUuAROh3Ijlt9alytRKltpkAEapB0IqiExFJW6jITlEFQHhknofhRsMvUFKmVqSn3kpcAk/uZoFHrhtK1aLVJBClkBJjp0rZOA71V9w1bKcILrMtq116ifODUqJ/XWNesUk+62yyt15aW2kJKlrUdEgCSTUHkrti44u+LOJS2hTjODWZy2duT73V1Q5qVy6DTrVAO3U+dGi1hbO3lwlpuT4StcnZI3NbD2N42MI4ytMOsEOu2t+ju7lKRKUQCQ5HKCInzqD0K8Fd0ophKo0k1g/H1n/K+0JrEWGwpSba0dUDGviWCfpVGtW7qXGRk1SUggnpvpVD7T8MF7YqWpJV3RzAaH++3SqjM7nCvbcBs7hg/+YsHCheUHN3SyY05wr/VUphF57C0EEpMJhWUmQRQSFnizzry0qcC2FlSSeaDM/s1L2eIOKBaT7yNTtr+vWgtWG3QeUEqXkBOsCflpprUktxSFqSE5gDvJP41FR6lZkJSkxMa0itcZtQqACQqqgFqbIQhZIUCZ0MDcxTXLlDilqzJUeXuxyiqGAbGmojKBvoP3r6UjcXKEKEgDclXQenoKCvi4Rb3lqUxAuU6wY8Rgx86nL18t96jJKSDs37vLegjXQ4soV4pAMLCNYpmlslQ1cOb3gkAHmaBFl0ZT3gTm1CVLUdj/vWkdkWI91eXWGqUlSXk94FA6haeRHp+FQajOmgrLe1/iN4su4Lh2cpQmbtTZIVJ2QD5bmiKFjXBtlc9iqsWSyp3Gre2D67kgg5W3jmA9Uk/KsWb3M7HyqNNW7FeHUXeHYviS0StTibRonWEgZlx6kpra+EuELHh9p1y0YCLm4hTq418gPKhVtbhxkzGaCD8qxjtpaSximGXEkJcsVsbT4kOSP8AVVRaeGr8XGEWywd206DySKJxEvvLNREE/wBR89qDMMFuG7bEVWd21DDwLDik6QTsr4VBXbr1ndP2t0kF9l3ItW2b+lXx/SimzV6vMkBYQUkwQY5bzT/DcXdZuAtxZCQmYJg+VBpuDve0WzdwwoAOTudj0qYt32lt/bgJcScsT/aoESqEAwCNz86Kt4qJSAcuXWdeepNVDcqIS44pKUSSRA/zU1cuQULDqkpgk7aTHSqhk2sAKSpX3Ux4ZB+PKmN+6rNmjxSolI00GkE0ELjpWnNc90gOIKFeGSExr+VWHEFlTmbLmSohQnwpg6mfSoqMvUuEJLpAhUKSSdv70zuHQCFZ2wlMQAkzE7/3qgofyd4HCokmTAEjSn3BGLrw2+tb4ueELCl5/eyjSPMZSag3XiPGBhmHd6wpJuHhlt521+8fICsku+HH8TebYZUo3LzhU44UnUk6kmiNAx/DG8P7MMYw9KkqQjCrlKlK2nu1En5144tyciJ/pBg+lGo9Jdh1sWuBcMW2U/bvuur03JWR+AFa0Vq5xNRKzrH+KbnhztZwezUVrwrGLQNPNf0uBaglxPmNiOYNd20Yf/MuFbXFrQpdatXMxUnUFpcAn0CgmaornZ7dITZpZQoFhWgIOxjUEdf1FT+OOpFmsPPJba3UVSNIpBjt3coeuS425mKyFKCgRqDSWLuqvbVi9075ISw+Jk9EKjf/AC/Kio2VJUnKnKd9BpINKrWVqDs+JUkiNj+lRGg8DPli2yKWF7nLz12NaDauIUylRbIzawU0DGCRspJyjcUV6UzMgQR/b86oavLygqlwg7wdx8aZXr7BcWlBATMgq013iqiOZeQHgOqQg6xA6/QUS9cSFHNoUpIKSZGY6Dbfnr5UUyxTx272VBIIJlYg7belSgb71hhzQ/ZJOqeZSNd6gb3aAcymgCsAnKoQk6b6/GPOod/JOUrWpWokmdJ86ojrq4yrU2skBaxmGklPP4RRbd8qKwtITqEplUyORmoNz4GWxxDwjZXV8O+urcG0MnQBG3xIIq0Wdrb2yfsmkp5afrQU7ts4kZ4e7P8AEG849txRK7G2RuTmHjUfJKZ+JFeTIgJA0GwqEenP4f0oV2eYcREi5uQrqD3hrUcmun0oVl/azhLz/FPBuK24MWl3kcV0SVpV+RqI7UG8Q4awy4GC3imcPxlxbF1aOpC0BRElbc+4TGsetUU7gS9FveuNKQEpdgyVfe2BFXHGLlvFcBumEBPtC0KCUkSpKgdUn5RQZArwPZXJBBiI29ae4Y4yb5TFwE+z3ALRJMZf80+RqBoUqbW4w6mHm3C2sf5k7/Ol2lNpWSVeAnMAdI1oqW4dvfZrgBJBzaJnwjzB/GtMs76bdObKI0GYmY5bVQ9T4mwUhSZAVJ1zdab3KlqkJgNkESnmR+xRk2QpKW5WVKKo0MnXzqP/AMaM3iKVTBGs6xp6VRH3LpDyZUkAIEmBqOVJLIcQFrUoIJGY5YBE6D8aKYP3It7B1RUpST3hVl5+f4fWpcXPd2VuuQFd2iCUER4dvwNAiq8UsJjKkHRXi1IHM/Gm16yw6CmJnN4jB6GKCq3ZUXZdgAAhuERpOp9K5rvC5kK/BpPUAHQ1BsPYZen/ANYwxcAkN3jY9fCqPpWolIQD/TzioPLnb9i7uJ9ot1ZlxRtsLaRatA7BRSFrPqSoD/pFZyrfmNaK2v8Ahy4tTbYgrha/IS3dqXcWLmgHex42j/zBOYeYI516FgGeVEqC4vsjdYUlSE/aNPIWkztrVA7dkp/4Xwl2QrNeaa//AIzVGO4Rif8ALL1Lys2TONI1T6fOrPxJiDa7JOL4a8EKTHfJTp3giJjqKkFAuLjv3Csx4tZ/flTT2jKmEyAiBIP0opb+bLxG7zuJSAlIQt0DVRE5T5mIHwp4xeKt8pYSnwpnUTOsazQPGbtbl2FpbS2rKhWm2dQ1I6bbVf8ADcRQm0QFMkmN1ECaqJyxvQ6wl3uwUmMpzc9tKcXignMJhOuYjqeXmaCOQ+h5txs5QU/dmCdJH5U2S7mWguEJdUkLkbk6jl1qohOJXXXLJ0N5+8yaGKNgmLqvMPsXU5/AwBAgDOnRR6nnRQXlrb3SHUApQlYIypBBHMabeXxqBNzjtglTZbZxO0ylKD3mRxKRyI2JFALeOWz/AIXe+t31CA3cpyK+fPanN3fPLWlsuAKXJkDUCY39KgbXTygcqinKiSk8x1H50iCUpWGVFE6akDKN9+dFXPstxQ2/HOGklIbuM1svkPEnwx/1AfOtwxtZTZKDYIUogHTz1ojyX2pKV/4jcShYkm8KpPQoTAqqk6jQHrzqLC9vcPWzzL9o6pm5t3A604g6oWCCCPQivZPZ7xaxxjwpaYuhKUXBBau2Rr3T6YzD0MhQ8iKCVxtSRhF0YnKiT8Kw/tGxU4p2fYG6ojO3iLjR/wClCon8aqMraZcuAtIGmkHqKXdS/btKBUS3EFHSKghXM6AoeIzI05elNl25XrckIRP+Gk6/E0U6SGkFAbGVMaDLymlkkqmVZlbZgPzoHrTgU+hKgSSygExrGZVX/DrlCLJrOpKQoZkjeAf2aIh+Esc9idVh1+9CxnACtCFJIj4x+Iq9e2ocacSjLllfvanlVEcopbbWtRIgBSSfTbb97UkXkIYaOZWTNPgJBJ2HrVREvuAoIJUjSORJ3mahMBuPZXbu1UspbQ93yUbSle8ehqKlbi5AWAokLTKB0Mben760mp9tOcJC4C80jSArSfLlpRTFx1N1mQ+kODeFDSR06TRUIYQhYKO6mUkFeonVMDlQIFbQyrUTGs5doO9DbuhJ7twSlIIGk+n0oDt3y7C5ZvLfwrYdQ8lIOgykK/I16nvVourQONKGR5KXEk6aEAj8aI8o9tdt7J2mYqZ0fQw+PPM2Afqk1RyrXUn50qwZK9SJgRFah/D9xQrBuMxhjzmWxxdPcwdkvpBLavjqn4ioPSuIOFeG3aQNS0qB5xXnvi1Fw1weltbaUNHFnFoSTA/wyPrVRQggoAcWpQ20nUkA8/3tS6n+9bUFOQYChOtQRVylIKktiY1JjbzpstQSFKBUJ0jqCaKTCpO4MCRNOy6EoEjMqZPn+zQO0BarhOaEw0gSCPFvoR8RTlzGRbBDZcUmE7fGg7jRC037WJWwKQ5qSRpmkGPpVlwbHlX9qwpRI0AUBsDzP4VRMMrUvKZSk9SeaTGv76UW6uCppKCQIzKCfKdJ/CqiOuFBTrmuZsAgHMPiBULiCk2mJWt2oFMOqQ4IghB0Mz8KgdPOLSVhJ2GYjaDMH1pq64tIKQsFB+zzTpvIoOZeAUSpJgqCioHWQNfpSiyyTMkGIIH3gDIFAi8tk6AHInUAHaf70il1QWFawJBlW5G1FHzJ7tUJMqgQFTE7V6M7PsTOK9neD3CjmdTb9y5OslBKTPwAojCP4goVxxaqCcq1Ye3Ou4C1x9KzRIUtxKEDMtSglKRzJMAfWlWJS4w5SbJkIS5341hSEImcpIJzSYkRp1qNYdcZU2/bLyutqDjah91QOZJ+cVB7SwDGG8e4YscTbJi+tA7oNApSTmHwVIrHuPW1K4MTHiLeKqERES2aqMzfZAhWsiSNY20rlKX3cZdwdhUDe8RmJCJkkb8opi+2YUojy689KKSCQlPukazvypVBWtCQTokQAT1NA9wpwt3bmfUd2BB101moa4cL7y3BISToOg5UIl03ZvrNxhxacreWQoSobj8TTTB8QVZ3kJUpKSoSkaAH06VRfLXEMricgSkSJ1nzPz/Kj98l5KRm8JSVAc+v96BC7dHdgIBzGRmGkwdKhcSV3rbja1HOrMBmH0oh7YuKurK2WHUlak6idUn3SPoDTZ6UlWc5CkHlG1A2LkAOAjTf0V+x865y5IahLhVGs76jSoADhCiUpOUGATr5iiJcUp0rzdVZd/I0C6FhIMKk6Akaabj6/hW09hOI99w9jGHKV/7a6DyIP3HE7/8Ack0GXdvwKOPWsygomxb05jxL/Ws+tFttXbSnUtrbzDMFozACRJiRJG4q1U8ptAts7jZQyllC1lq3YByfY66mZ1P7KqgHbguuqcUADAHhSEjQQDA8gJoPSv8ADxe+19nqGVuf+zvHWI/pBIUP9VUfi26AwzF7BSlKLOMIVrt4krSfwpPEUZ85AZkTtB86RkQVGZOidNIka1lRnVEaEgkgGYketMb37PMTJTPTqeVUMVZ3iAfAjkTTtvIlOiiVjQDyooH3sjV24knNlQ2P+qfyqPQ2qPGcp6UF04ntMMxFPtuH3JTfQhKwprIHCU6kCdACIk66zVFVLT5SrwqBgjzqpFqwu4LiWiFguyIzaD961NIIQvLmTIk+c+X0oDK8YUBtqT5iojESlKRvmSd40PnQDgziAq4TmggB9oZfenRX60a/z3bTxzEFYjMB97fSoiBWzfWhWlBDrYAkgzPTSlre9TcPFC2sqwCSiipBoFKMoISJglQ16g/WkjlCjMnL4vd1M7n86IOnw/ZR4SdQFEbaitE7FcSSxxu7amMt9ZLSNd1IIWB56ZqKrfb84lfaCQmIbsWE6HbVZ2+IrNwdKtCmeWQyEt5A4XM2UZpiIzbx5UGxO1RW8/wzXA/lXEVpI8Fwy+Bz8SCk/wCkVUeObsHi/HbdEEKuiuANJSSD+JoithqSRorQaHqdaM6hKUFCVAgnccyTtUQkAVoCYBB2B31pC52CVJRIIgCqpq6RMbx8YoiU5FSRJSRpz3opveKW2EFKspUZGUQRA/vTdp45fESTPI0I0f8AldutRWW5OUe9MTBj4fWqdxHaoYcVkSEpzR+lVIa4U8rvUieeWrglzIc+VJgkpJEg6RpQCI7wpBCoA186a3LK3DA0SogSRvrsfWgjrRz2O7Q4fDl8B6ZVaH5Gn7soeWEpSYGvIbVAwuQ606pGQhQVkOmhgSIowPdud6tDZKolQ0IB0OtEcVKDhUlKAqSNTO2xpQZVkqzLEA7chsdaBJRGYBREiB72sjY0+wTGv5LxJhOJte7bXSFE7eBWivoTRYDtlvE3naPiwbVmbY7thJEEHK2n8yapgIMan0qgDEUc86ixsH8Nj5TxPjVvJAcsUuRO5S5+ijUF2hD2ftRx5pB0LhXH/MkE/U04iHKyEATqFTvqYH7+tJSglMEZREz6VAVcpUgKgARqdo86auEB+ErETyPPeKBuFKUsdfxFChWhVGYk6E1RHYmsh1pCjJCAYB60iy4AiMs+porTWSpttvMBmhIJCpncfKq/xexnCpTqjYDmdf8AeqiuYc4huFKJEbmYFWewcL7Ag6wJMdN/hQPUK1JQAI1J305R86O4PskBUbDU8+etBDX7aSVIGiSIUobZTpPzp4y/3tohx0JzNKLRKTzEa9dR+NQI3KQ64EoIBKYAVpqOlJqScgCuQ32EH9PyohJ0kBMOJUUgRmHMUQu5AACcm4A5gmT+FFCCFOmMoKRrz1H4UW6SXLZxBMg6CfpQQV5cu3l2/cvrK3nlZ1qO6jSadc0mI2oOANKaxtQxpP8AD68prtGQ2n/5bB9J+GUinXbFbrtu1R93TLdWrToPL3ch/wBNUVK48ThnXxHY6xFN1qmVJXAnUHnUBXnRlgkqAkwdSNKbPLyuLISkAqJHyoEg4lII1MdfShkQgTl05iRtppRUTfLzXasuwAH0pFMc1hPlRWsOtqQ1mQU+ET4tOenr51V+I3C4FhCh6wY+FVlWB4WwSmQFSdKmcMfEFI0Gmo2FBYipKnVyJzH7v1pTQJI02oI29Q54gFa6+vmKRwt+LtbakyXUhWu+ZB/MGoFXC4o+JuRJBOx6/lRSlCUgBcJUNAdTrqD8aIRuciUhTjUhPiiZO8UkDKUgQYBSRMxGs0UOeQDlQlQEbRz+tGWkZYkHQRr+9RJoK86nK4oHTKYoo03oDpMa6TShggeW9Fi89h6o7T8KGvjauEfNon8qvfb9aAX/AA9e7FQft1E6EiAoA/WqjJ1HMvxEajcaRr+NI5wTtrO/XWoCrIUsaGJ1n1pFYHeKkzBP40CJGZSp3136bUmUy6rmAZoI65JNy4R1oiSROp+FGmuvo+zclSiddSZ6VQseeX3y0CAASQRvyqsotoApkjko/SubcU0lBTGvXWKKs2FPLuT9ofc2jSpZxIQEc5Gs0RyW03DqQ5MkwSN+ZqGdbCMYQhJMJKHB1BJg/DWgkLVvv8TS0tSglShMf8wH50yxJoMYjdNIJyIUUweeVUCaga5RmPLQ0sglTSZJ0VA8t6BFvxZJ5pBMetC0StnxbAlMeVBC3Qi4WOvipIbmgEbny1o49wmoq6djC1J7T8AKTBKnhP8A+ldbD21toc4RS6tIU43cN5FHdOYEH6VYjBXFEOq1kCImk1nIEgagEb/GgKdp3JGs+tIXKylTiAdAoigLmPeqT5zPOlWW0uSFTohSvWOVBBkSpf5UUpGlWNP/2Q=="" data-filename=""220px-Sheikh_Mujibur_Rahman_in_1950.jpg"" style=""width: 220px; float: left;"" class=""note-float-left""></p>","","draft","2020-12-14 08:35:42","14 Dec, 2020","14 Dec, 2020"
"16105284974851","16068102971794","16105284625824","ghfghf","","gfhgf","ghfghfpGQWS5xYIKe5bikn","gfhgf","","<p>fghfg</p>","","draft","2021-01-13 09:01:37","13 Jan, 2021","13 Jan, 2021"
